{
  "1": {
    "nombre": "Akira",
    "genero": "Seinen",
    "año": "1988",
    "autor": "Katsuhiro Otomo"
  },
  "2": {
    "nombre": "Dragon Ball",
    "genero": "Shonen",
    "año": "2020",
    "autor": "Akira Toriyama"
  },
  "4": {
    "nombre": "Naruto",
    "genero": "Shonen",
    "año": "2002",
    "autor": "Masashi Kishimoto"
  },
  "5": {
    "nombre": "Neon Genesis Evangelion",
    "genero": "Mecha",
    "año": "1995",
    "autor": "Yoshiyuki Sadamoto"
  },
  "23a6b128-1ebc-4820-91fc-09117726a54e": {
    "nombre": "hunter x hunter"
  }
}